{"loss": [2.317985330309187, 2.1620844963618686, 2.103496300833566, 2.0042622075762067, 1.9235246120180403, 1.8513370629719326, 1.782498948233468, 1.7218190806252616, 1.6415213469096592, 1.5517498316083636, 1.44843549319676, 1.3083523184912544, 1.2269876589093889, 1.1950787053789411, 1.1658932835715157, 1.1467822224753244, 1.1312316758292063, 1.1201090819495065, 1.1098919977460588, 1.1037270505087717, 1.095375153677804, 1.0891006306239537, 1.0806655311584472, 1.0822296333312988, 1.081849092755999, 1.0730271530151367, 1.0699711213793073, 1.0518825006484986, 1.0323129190717424, 1.0104031692232405, 0.9859676619938441, 0.979226781640734, 0.9593020405088152, 0.9413617467880249, 0.9085149005481175, 0.9071428074155535, 0.9024361760275704, 0.8776697478975568, 0.8821406330381121, 0.875193031855992, 0.859992709500449, 0.8506889200210571, 0.8505819136755807, 0.856434782573155, 0.8390453839302063, 0.8243129171643938, 0.8199563632692609, 0.8168521935599191, 0.8083912679127284, 0.801089448928833, 0.7946147499765669, 0.7871999733788626, 0.7880629628045218, 0.7820533244950431, 0.7820584464073181, 0.7713768632071358, 0.7623803458895002, 0.7629348417690822, 0.760381075314113, 0.7581849254880633, 0.7452293116705758, 0.7425455021858215, 0.7406132708277021, 0.7380747723579407, 0.7428580447605678, 0.7287509199551173, 0.7181300108773367, 0.709018897329058, 0.7045889799935477, 0.7017747119494847, 0.7054466588156564, 0.6942283378328595, 0.6944136626379831, 0.6900392695835659, 0.6792914172581264, 0.6757505597387041, 0.6824406627246312, 0.6732436391285488, 0.6740365747043064, 0.6633423457826887, 0.6619695397785732, 0.6553858518600464, 0.6459178836005075, 0.6439942789077758, 0.6402367387499128, 0.6307091494968959, 0.6158267075674875, 0.6086129787990026, 0.604959225314004, 0.6017553319249834, 0.6003105313437326, 0.5976419925689698, 0.5955882038388933, 0.5910440131596156, 0.589409623827253, 0.5885226842335293, 0.5882702527727399, 0.5878473693983896, 0.5853068344933646, 0.585116400718689], "val_loss": [2.182950185139974, 2.1337337843577067, 2.0513045597076416, 1.9589261786142984, 1.8720799763997396, 1.8185893058776856, 1.7422530206044515, 1.6704578717549643, 1.5793140920003255, 1.4900718943277995, 1.374150881767273, 1.245845801035563, 1.2001890802383424, 1.1735913133621216, 1.152835267384847, 1.1383626302083334, 1.1233789189656576, 1.1148307689030965, 1.1057251008351643, 1.1015216096242268, 1.0918917878468832, 1.0893476359049479, 1.083706661860148, 1.096879399617513, 1.069809217453003, 1.070424526532491, 1.0608057848612467, 1.0412978490193685, 1.0220664469401042, 1.0021749718983968, 0.9994552628199259, 0.9996520344416301, 0.980794857343038, 0.9388001410166422, 0.9129090309143066, 0.9468518431981404, 0.9015100836753845, 0.8836448844273885, 0.9314388465881348, 0.8870928271611531, 0.8731178975105286, 0.8690185244878134, 0.8760534826914469, 0.8839121437072754, 0.8632573771476746, 0.8591284783681233, 0.8460174465179443, 0.8534063895543417, 0.8431931813557942, 0.8394680992762248, 0.8337448461850484, 0.8247538042068482, 0.832132568359375, 0.8172438685099284, 0.824779835542043, 0.8154491972923279, 0.8223590612411499, 0.814407020409902, 0.8172955393791199, 0.7975452438990275, 0.8126626380284627, 0.8027280759811402, 0.8050694410006205, 0.7922930256525675, 0.8172087168693543, 0.7914330848058064, 0.7885743840535482, 0.7827337058385213, 0.7807516225179036, 0.7891828521092733, 0.7777330295244853, 0.7795677344004314, 0.7833903892834981, 0.7754448429743449, 0.7751453685760498, 0.7823306266466776, 0.7767844144503275, 0.7833782386779785, 0.7769301795959472, 0.7683611520131429, 0.7739659190177918, 0.7713213769594828, 0.7813968491554261, 0.7789536817868551, 0.7877697443962097, 0.7718898622194926, 0.7565390872955322, 0.7664528409639995, 0.7636532560984294, 0.7636397314071656, 0.7625964538256327, 0.7632981681823731, 0.758166491985321, 0.7588247203826904, 0.759580504099528, 0.7589870691299438, 0.7610828502972921, 0.7606179189682006, 0.7591333508491516, 0.7595736408233642], "val_acc": [0.19999999662240348, 0.19999999662240348, 0.2993333395322164, 0.3033333388964335, 0.41466668089230857, 0.37866668224334715, 0.38133333683013915, 0.4113333316644033, 0.4840000025431315, 0.49266666412353516, 0.48733335494995117, 0.5000000190734863, 0.5173333128293355, 0.4980000019073486, 0.5059999930858612, 0.5193333435058594, 0.5306666723887126, 0.5219999885559082, 0.5333333492279053, 0.5360000069936116, 0.5373333422342936, 0.5340000089009603, 0.5473333295186361, 0.5426666768391927, 0.5380000114440918, 0.5493333427111308, 0.5440000089009603, 0.5593333458900451, 0.5833333388964335, 0.5846666582425435, 0.5966666754086812, 0.5766666714350382, 0.5966666650772094, 0.6193333228429159, 0.6293333427111307, 0.6159999895095826, 0.6286666949590047, 0.6406666906674703, 0.6280000138282776, 0.6406666771570841, 0.6420000187555949, 0.6439999977747599, 0.6473333470026652, 0.6373333215713501, 0.6493333355585734, 0.655333358446757, 0.6586666878064473, 0.6613333336512248, 0.6586666663487752, 0.6666666769981384, 0.666666685740153, 0.6673333533604939, 0.6593333196640014, 0.6766666674613953, 0.6706666612625122, 0.6733333412806193, 0.6619999965031942, 0.6806666890780131, 0.6720000370343526, 0.6813333360354106, 0.6680000122388204, 0.6759999926884969, 0.6686666758855184, 0.6839999969800313, 0.6780000400543212, 0.6886666655540467, 0.6760000363985698, 0.6893333697319031, 0.6906666668256124, 0.6840000033378602, 0.693333359559377, 0.6866666738192241, 0.6893333435058594, 0.6906666858990987, 0.693999993801117, 0.6833333309491475, 0.6960000077883403, 0.6900000166893006, 0.6880000368754069, 0.6960000109672546, 0.6940000319480896, 0.7013333670298258, 0.6966666730244955, 0.6993333792686462, 0.6973333398501078, 0.7053333290417989, 0.7040000383059184, 0.7000000198682149, 0.7060000205039978, 0.7046666630109151, 0.7026666816075643, 0.7046666669845582, 0.7039999993642171, 0.7093333474795024, 0.7086666655540467, 0.7066666801770528, 0.7053333290417989, 0.7073333430290222, 0.7060000014305114, 0.7093333260218302],