{"val_loss": [2.1758175118764242, 2.119270674387614, 2.0332260958353676, 1.949064834912618, 1.8888031895955404, 1.8205402183532715, 1.7521528085072835, 1.6565892998377483, 1.5008328437805176, 1.3502216800053914, 1.2915746847788492, 1.2639740721384685, 1.2462397940953573, 1.2354233932495118, 1.2242776266733806, 1.2129662624994915, 1.2064274883270263, 1.2020650100708008, 1.2036157989501952, 1.1923466046651205, 1.1889618333180745, 1.1861040178934734, 1.1921613343556723, 1.1843506574630738, 1.178521842956543, 1.1810514767964682, 1.1776034959157309, 1.1761576048533122, 1.1743129285176594, 1.1750730927785238, 1.173152961730957, 1.1767529424031575, 1.1711773284276326, 1.1734000221888223, 1.170545310974121, 1.1706268008550007, 1.1704957326253256, 1.1690312465031942, 1.1700750382741292, 1.1689894596735637, 1.168871800104777, 1.168547485669454, 1.1697335735956829, 1.1661230214436848, 1.1677186918258666, 1.1659857670466105, 1.1662073214848836, 1.1655451202392577, 1.1646520932515463, 1.1655099328358969, 1.1638757610321044, 1.167483580907186, 1.1646819814046223, 1.164600575764974, 1.1637740262349447, 1.1658735434214273, 1.1632014115651448, 1.1636913871765138, 1.1640531301498414, 1.1623481432596843, 1.1615385564168295], "acc": [0.1999999967643193, 0.24871429204940795, 0.2810000021117074, 0.2821428639548165, 0.35814286368233816, 0.38271429419517516, 0.3831428607872554, 0.40828572375433786, 0.46985715014593943, 0.4858571471486773, 0.48500002230916706, 0.48371429341179983, 0.49200000694819856, 0.490857162134988, 0.4894285804884774, 0.4948571555955069, 0.4945714363030025, 0.49785715205328807, 0.4964285806247166, 0.4962857229369027, 0.4918571540287563, 0.4921428646360125, 0.4954285815783909, 0.49300001621246337, 0.4955714355196272, 0.4957142950807299, 0.49342857837677, 0.49314286572592597, 0.4971428632736206, 0.4960000126702445, 0.49700001648494174, 0.4927142827851432, 0.4917142915725708, 0.5000000081743513, 0.4951428716523307, 0.4965714318411691, 0.4984285909788949, 0.4994285787854876, 0.49685715539114816, 0.4971428728103638, 0.5000000153269086, 0.4987142944335938, 0.5005714436939784, 0.5000000037465777, 0.4975714332716806, 0.4961428678035736, 0.49971429892948693, 0.4961428560529436, 0.5004285786833081, 0.5022857148306711, 0.4985714456013271, 0.5038571408816747, 0.49900000163487024, 0.49557143926620484, 0.50342857837677, 0.5011428676332746, 0.499428574357714, 0.5024285820552281, 0.502285715511867, 0.4972857322011675, 0.49871430005346024], "val_acc": [0.2333333416779836, 0.318666676680247, 0.2993333288033803, 0.29133333643277487, 0.39666669170061747, 0.3646666626135508, 0.3673333470026652, 0.4686666742960612, 0.4686666933695475, 0.4900000031789144, 0.4940000216166178, 0.5020000139872233, 0.4800000063578288, 0.488666664759318, 0.4920000108083089, 0.5006666692097982, 0.49933332761128746, 0.4960000185171763, 0.49666667183240254, 0.49866666475931803, 0.49533334414164226, 0.500666643778483, 0.4960000165303548, 0.5006666394074758, 0.5006666692097982, 0.4946666781107585, 0.5000000222524007, 0.5006666521231333, 0.5026666577657064, 0.5013333320617676, 0.4993333371480306, 0.4960000165303548, 0.49866666475931803, 0.4946666673819224, 0.49600001017252604, 0.49533334414164226, 0.4939999981721242, 0.4926666704813639, 0.4953333314259847, 0.4993333435058594, 0.4926666768391927, 0.492000025510788, 0.49599999944369, 0.49800000826517743, 0.4993333435058594, 0.49400001724561055, 0.4973333549499512, 0.49533334096272785, 0.4946666832764943, 0.4959999974568685, 0.49533331871032715, 0.4960000038146973, 0.4926666756470998, 0.4920000203450521, 0.486666685740153, 0.4900000178813934, 0.4853333282470703, 0.49600002288818357, 0.48933334986368815, 0.4906666882832845, 0.4959999974568685], "loss": [2.3090389687674384, 2.1507734407697403, 2.079921030317034, 1.9931730672291348, 1.9272797863824027, 1.8591065747397286, 1.7908060359954834, 1.716572118486677, 1.6010726138523648, 1.4256889758791242, 1.3242902551378524, 1.2815524121693203, 1.256852512359619, 1.24169018472944, 1.2300664063862392, 1.2200186034611293, 1.2131116192681448, 1.205244599069868, 1.2022215638841902, 1.1973917552403042, 1.1931350244794574, 1.190279027393886, 1.1880853448595319, 1.1851614672797066, 1.183462108203343, 1.1808011640821185, 1.1796570369175503, 1.1779274034500122, 1.1784283229282924, 1.1764102867671422, 1.1762626498086113, 1.1738409451075962, 1.1728829152243478, 1.1722745214189803, 1.1722677530561174, 1.1703221252986362, 1.1708491012028286, 1.1697369194030762, 1.1696741615022932, 1.168796272277832, 1.1672985226767403, 1.168744181224278, 1.1660614967346192, 1.16558472769601, 1.166748319353376, 1.1663290977478027, 1.1647948796408516, 1.1662287616729736, 1.1638537325177873, 1.1643481819970267, 1.1635121038981846, 1.1636724499293736, 1.1640515640803746, 1.163689031600952, 1.1630072239467075, 1.161097891671317, 1.162011066845485, 1.161000690460205, 1.1607394341060093, 1.1604838589259556, 1.1620949050358365]}