{"val_loss": [2.1725543785095214, 2.1070057169596352, 2.0029316425323485, 1.9325150299072265, 1.8703571271896362, 1.8234097687403361, 1.7693138392766317, 1.6950076373418173, 1.590306715965271, 1.41758043607076, 1.3093241755167644, 1.2678107738494873, 1.2454540570576986, 1.2304359372456868, 1.2216608222325642, 1.2141586796442667, 1.2120765018463135, 1.2036440245310465, 1.1998042742411295, 1.1962365690867107, 1.191645762125651, 1.1745655218760171, 1.1538507270812988, 1.1420296319325765, 1.1396839205423992, 1.127847425142924, 1.121785504023234, 1.111835077603658, 1.0973299900690714, 1.0811707019805907, 1.0942777474721272, 1.0810349464416504, 1.031711082458496, 0.9980908091862997, 0.9673549596468608, 0.9607679986953735, 0.9702869002024332, 0.9387857007980347, 0.9192888673146565, 0.9161765082677206, 0.9038587609926859, 0.9167959825197856, 0.9081432596842448, 0.88564031680425, 0.8765638987223308, 0.8781582490603129, 0.9072588729858398, 0.8601678045590718, 0.8515708247820536, 0.8345732474327088, 0.8253615784645081, 0.8273133150736491, 0.8123819557825724, 0.8045629612604777, 0.8043009646733602, 0.8025085695584615, 0.7857711203893025, 0.7867579873402913, 0.7824402936299641, 0.7654348230361938, 0.7578101603190104, 0.7741354179382324, 0.750197795232137, 0.7552484758694966, 0.7313229608535766, 0.7175521119435628, 0.7123037242889404, 0.7009852663675944, 0.7165903155008951, 0.6861168162027995, 0.67835516055425, 0.6721521536509196, 0.6661539951960246, 0.6713943290710449, 0.6597210693359375, 0.6570131802558898, 0.6825436075528463, 0.6396864000956217, 0.6319210370381673, 0.6221527131398519, 0.6121766026814779, 0.6157609558105469, 0.6077312358220418, 0.5974270987510681, 0.5826171875, 0.5762213198343913, 0.5707909886042277, 0.5508481995264689, 0.5585575850804647, 0.557071077823639, 0.5400336615244548, 0.5441992584864298, 0.5390570092201233, 0.5306812493006389, 0.5221205902099609, 0.5245338773727417, 0.5226209036509196, 0.5221325075626373, 0.5122236863772074, 0.5158618148167928], "acc": [0.17042856633663178, 0.2205714341572353, 0.26242857898984634, 0.30100000262260435, 0.36071429644312175, 0.38485715321132113, 0.3884285799094609, 0.39057143875530786, 0.4350000148160117, 0.47728572385651724, 0.48357144917760575, 0.4931428623199463, 0.49171429787363324, 0.4915714398452214, 0.4942857226303646, 0.49585714595658437, 0.4958571481704712, 0.49257143497467043, 0.4944285721438272, 0.49714287383215766, 0.4957143078531538, 0.500714294399534, 0.5067142847606114, 0.510857150554657, 0.5195714432852608, 0.530714304106576, 0.5435714278902326, 0.5438571466718402, 0.5475714342934744, 0.558571447304317, 0.5714285676819938, 0.588142855167389, 0.5982857087680272, 0.60857143504279, 0.6150000034059797, 0.6220000205721175, 0.6198571555955069, 0.6275714336122785, 0.6365714413779122, 0.6315714427403041, 0.636857168674469, 0.6454285843031747, 0.6428571472849165, 0.6545714391980852, 0.6625714554105486, 0.6608571427209037, 0.6674285949979509, 0.6647143081256321, 0.6780000373295375, 0.6844285893440246, 0.6894285866192409, 0.6935714517320906, 0.7030000277927944, 0.7117143137114389, 0.7147143128940038, 0.7221428789411273, 0.7247143149375915, 0.7265714481898716, 0.7247143200465611, 0.7305714610644749, 0.7395714381762913, 0.7417142908913749, 0.7485714496885028, 0.7458571706499372, 0.7501428726741246, 0.7554286091668265, 0.7625714577947345, 0.7677143260410854, 0.7675714407648359, 0.7730000301769802, 0.7715714645385742, 0.778142899104527, 0.7792857411929539, 0.7837143281527928, 0.789714309488024, 0.7910000320843288, 0.7844285981995719, 0.7840000261579241, 0.799000027860914, 0.8077143280846732, 0.8125714700562613, 0.8117143395968845, 0.8161428955623081, 0.8102857562473842, 0.8201429033279419, 0.8288571848188128, 0.8307143228394644, 0.8340000455720084, 0.8395714661053248, 0.8400000401905605, 0.8461428969247, 0.8501429006031581, 0.8502857569285801, 0.8554285958835057, 0.8630000356265477, 0.8648571658134461, 0.8634286080087934, 0.8578571769169399, 0.8624286103248596, 0.8714286143439157], "loss": [2.281822109222412, 2.1391466794695173, 2.06229923248291, 1.9660919339316232, 1.9048163502556936, 1.8531426661355155, 1.7983033425467354, 1.7395424679347447, 1.6603296709060669, 1.5175407491411481, 1.3612804685320172, 1.2895177718571254, 1.2579565320696149, 1.2400701822553362, 1.230531884602138, 1.2241669736589704, 1.2139526435307093, 1.2087894214902606, 1.2020425197056361, 1.1994884695325578, 1.194639710017613, 1.1870165266309465, 1.1697345617839268, 1.1546084799085345, 1.1434831442151752, 1.1373528957366943, 1.1287126922607422, 1.121074288231986, 1.114242593220302, 1.0987984807150704, 1.0877277367455618, 1.0730201605388097, 1.0507796941484724, 1.0214678045681544, 0.9927759964125497, 0.9758008878571647, 0.9675962591171264, 0.948146151815142, 0.9307699251174927, 0.9222620337350028, 0.9019463232585362, 0.8978054417882647, 0.9003487253189086, 0.8806310173443386, 0.8645115767206465, 0.8634432710920061, 0.8541534563473293, 0.8642802081789289, 0.8279070997238159, 0.8216548541613987, 0.8081876632145473, 0.8021763137408665, 0.7847442167145865, 0.7719871391568865, 0.7586906971250261, 0.7524580901009695, 0.7481088209152221, 0.7441415861674717, 0.7442255204064505, 0.736106903893607, 0.7159405933107649, 0.714898784160614, 0.7013637569972447, 0.6942363527842931, 0.6860278245380946, 0.672862401008606, 0.6622823177065168, 0.6549807167053223, 0.6518832073892866, 0.6419059664862496, 0.630254339490618, 0.6146379940850394, 0.6122821072169713, 0.6019532465934754, 0.5908285672324044, 0.5791345466886247, 0.598870769228254, 0.5987759862627302, 0.5633479840414864, 0.5462126854487828, 0.531098826272147, 0.5311822148731776, 0.5207229232788086, 0.5216949466296604, 0.501805374111448, 0.48875234603881834, 0.48042059625898087, 0.4669569705213819, 0.45905650785991126, 0.45597904750279017, 0.4455496822084699, 0.43106401324272153, 0.42687545044081554, 0.42124709282602585, 0.4060798704624176, 0.39704184004238674, 0.39459712624549864, 0.4060140701702663, 0.40032008171081546, 0.38110938923699517],