{"acc": [0.28457143460001266, 0.3648571532113212, 0.4654285822595869, 0.4834285855293274, 0.493857159103666, 0.4981428687913077, 0.49585714748927523, 0.4995714364733015, 0.496857145854405, 0.5430000158718654, 0.5738571487154279, 0.5902857092448643, 0.589571431023734, 0.5921428632736206, 0.5967143014499119, 0.6048571487835476, 0.6121428622518267, 0.6191428579602922, 0.6305714256422861, 0.6388571517808097, 0.6507142989976066, 0.6644285862786429, 0.6748571624074663, 0.6784285797391619, 0.6891428899765014, 0.6994285873004369, 0.7204285965647016, 0.7217143164362226, 0.7264285979952131, 0.7365714567048209, 0.7454285887309483, 0.7584286073275975, 0.7690000213895525, 0.767857175895146, 0.7721429017611913, 0.7967143338067191, 0.8020000236374991, 0.8030000339235578, 0.8118571676526751, 0.8280000407355173, 0.8378571830477033, 0.8431428830964225, 0.8507143368039812, 0.8604286187035697, 0.8632857530457633, 0.86757146188191, 0.8785714527538845, 0.8888571732384818, 0.8994285992213658, 0.9087143175942557, 0.9120000154631478, 0.9248571651322501, 0.9327143117359706, 0.9380000162124634, 0.9391428930418831, 0.946000040939876, 0.950428604057857, 0.9528571718079704, 0.9494285944529942, 0.9534286141395569, 0.9622857543400356, 0.9622857468468803, 0.9538571797098432, 0.9301428740365164, 0.9545714569091797, 0.9701428954941885, 0.9815714951923915, 0.9870000716618129, 0.989142940725599, 0.990285793372563, 0.9910000848770142, 0.9912858029774257, 0.9920000839233398, 0.9920000886917114, 0.9922858020237514, 0.9927143744059972, 0.9932858051572527, 0.9937143782206944, 0.9937143700463431, 0.9934286628450666, 0.9935715099743434, 0.993571515083313, 0.9937143782206944, 0.9938572304589408, 0.9937143789018903, 0.993857228415353, 0.9940000833783831, 0.9940000915527344, 0.9940000861031668, 0.9940000888279507, 0.9941429437909808, 0.9942857960292272, 0.9942857987540109, 0.9942858042035784, 0.9941429410661969, 0.9942858042035784, 0.9942857933044433, 0.9942858042035784, 0.9942857878548759, 0.9942857960292272], "val_loss": [1.846336841583252, 1.6438508987426759, 1.2676022895177206, 1.2069326082865397, 1.1821260166168213, 1.1903204186757406, 1.1684645366668702, 1.1648545201619467, 1.1471258227030436, 1.1015674368540447, 1.062671955426534, 1.030239977836609, 1.0238054513931274, 1.0412261803944907, 0.999681232770284, 1.0010752646128336, 0.9921363417307536, 0.9905343755086263, 0.9635668222109477, 0.9620959313710531, 0.9223173411687215, 0.9156093049049377, 0.9001745812098185, 0.8874879622459412, 0.856300110022227, 0.8360632705688477, 0.8292408776283264, 0.8051853799819946, 0.7878101293245952, 0.7599574359258016, 0.7609041754404704, 0.7536222314834595, 0.7191323820749919, 0.6966681059201558, 0.6974436322848002, 0.6403999535242716, 0.6661046266555786, 0.6075531435012818, 0.6002391950289409, 0.575405391852061, 0.5616509930292766, 0.5601385323206584, 0.5354962054888407, 0.5486358181635539, 0.5253291551272075, 0.519955350557963, 0.49958313544591265, 0.48917949716250103, 0.46790862917900083, 0.46292012254397075, 0.45095560550689695, 0.45653587222099307, 0.4584042998154958, 0.45296051224072775, 0.4827938493092855, 0.46137104908625287, 0.4480579117933909, 0.5057344309488933, 0.46907512823740644, 0.4377856206893921, 0.4706023152669271, 0.45792794744173687, 0.5876460003852845, 0.49389543374379474, 0.4513208023707072, 0.46751136422157286, 0.4463026849428813, 0.4306048285961151, 0.4333476177851359, 0.42944332242012023, 0.4337741009394328, 0.43345137119293214, 0.43309667547543845, 0.4375261092185974, 0.43520906925201414, 0.43774620215098065, 0.4381140899658203, 0.43805065592130027, 0.439243456919988, 0.4390358630816142, 0.4401662258307139, 0.4401424074172974, 0.4403460915883382, 0.440605864127477, 0.44027390599250793, 0.440760680437088, 0.44079692165056866, 0.44092630585034687, 0.4409212104479472, 0.4409389936923981, 0.4410884630680084, 0.441117258866628, 0.44111771663029986, 0.4411278243859609, 0.4411536455154419, 0.44114132881164553, 0.4411501610279083, 0.44117041071256, 0.4411662495136261, 0.44116947809855145], "loss": [2.103276902607509, 1.7507653481619698, 1.425002542223249, 1.2124126209531512, 1.190688567842756, 1.178662622996739, 1.1772370978764126, 1.16868871484484, 1.1669601133891514, 1.1267555400303433, 1.0851623494284495, 1.0318942795481, 1.0147775619370596, 1.0067942265101841, 0.9941002253123692, 0.978654111794063, 0.9615035244396755, 0.951127461024693, 0.9348556845528739, 0.9177375827516828, 0.8955605493273053, 0.8657324361801148, 0.842262156350272, 0.8299740678923471, 0.8058496141433715, 0.7844934139932905, 0.7495084599086217, 0.7306886829648699, 0.7157159413610186, 0.6826433079583304, 0.6701930969102042, 0.6560729098320007, 0.6246907891545976, 0.6194283931595939, 0.5941249350139073, 0.5527938182013376, 0.5308483064174652, 0.5236956691741943, 0.49369551505361287, 0.46530512588364736, 0.4350992335591997, 0.4227090389387948, 0.4012324551173619, 0.3776509363310678, 0.3760795525142125, 0.36454841562679835, 0.33857427035059245, 0.30822866099221363, 0.28740064322948455, 0.2686536269528525, 0.25425070422036306, 0.2276980255331312, 0.21164507235799518, 0.20205933042934962, 0.19802711997713363, 0.18022156017167226, 0.16856671060834613, 0.16366485033716474, 0.16483647108078003, 0.15132370591163635, 0.13524925444807326, 0.13430731394461223, 0.15524341259683883, 0.20550090738705226, 0.1457534784930093, 0.11366743045193808, 0.08759473877293723, 0.07464943242924554, 0.06946680339319365, 0.06636763004320008, 0.06379462604011808, 0.0614551919060094, 0.05933981144002506, 0.05738264132823263, 0.05572646194270679, 0.05420203198279653, 0.05193360594766481, 0.051210799430097854, 0.050775544536965235, 0.05017873580966677, 0.049789972880056925, 0.049084145299025946, 0.048897082677909307, 0.04876054642455918, 0.04861377641558647, 0.048457846428666795, 0.048228497760636466, 0.048173587854419435, 0.04812811240553856, 0.04807862916163036, 0.04802545983876501, 0.047953649290970395, 0.04793542355298996, 0.04791809328964779, 0.04790286758116313, 0.04788500866719655, 0.04786313457148416, 0.04785864167979785, 0.047852665739400044, 0.047846438544137136],