{"loss": [2.236274997166225, 2.086412559236799, 1.9675341756003244, 1.8265676627840315, 1.6262993213108607, 1.3626765530450002, 1.2498222827911376, 1.1910706404277256, 1.1600254767281668, 1.1306979492732456, 1.1111050946371896, 1.0940742574419293, 1.0790088639940534, 1.0715305171694074, 1.0560586724962506, 1.048783711705889, 1.0395138222830635, 1.0349942786352975, 1.0283089739935738, 1.0220294053213936, 1.0175615004130771, 1.0137709501811436, 1.0113918345315116, 1.0110386732646397, 1.0061266779899598, 1.0017744071143013, 1.0017603758403233, 1.003395872116089, 0.997780487196786, 0.9961421193395342, 0.9957800313404628, 0.9971296892847333, 0.9922928207261221, 0.9918094832556589, 0.9935292983055115, 0.994912189756121, 0.9933061933517456, 0.9921400836535863, 0.9879414973940168, 0.9873930886813572, 0.986517984526498, 0.98602454662323, 0.981503175326756, 0.9796835490635463, 0.9789025323731558, 0.9785843740190778, 0.9779182764462062, 0.976298736844744, 0.9710504984855652, 0.9640120475632804, 0.9576726470674787, 0.9615431410925729, 0.9442732092312404, 0.9377707011359079, 0.9291645468984331, 0.9222739137922015, 0.9157910074506487, 0.9074965521267482, 0.896997207232884, 0.8927733707427978, 0.8834815468106951, 0.876799396787371, 0.8670157425744193, 0.8651122038705008, 0.8564368227549962, 0.8518250560760499, 0.8477793376786368, 0.8429012291772024, 0.8353671533720833, 0.8304794761112758, 0.8279516884258815, 0.8220599739892143, 0.8105316802433559, 0.8090210662569318, 0.7991429247174944, 0.7948818567820958, 0.7920095695768083, 0.7844147757121495, 0.7746200261797224, 0.7677152582577297, 0.7606386620657785, 0.758071951184954, 0.7440108077866691, 0.7400552862031119, 0.73420074735369, 0.7227811391013009, 0.7155337078230721, 0.7114302505765643, 0.7024496575764247, 0.6940034423555647, 0.6897601400102887, 0.6847816051755633, 0.6748426038878305, 0.6726202975000654, 0.6603107186726161, 0.6553647906439645, 0.6498054385185241, 0.6374428272247314, 0.6342529603413173, 0.6245608111790248], "acc": [0.2319999999659402, 0.29428571684019905, 0.3567142917428698, 0.40742857354027884, 0.474000004189355, 0.49385715348379955, 0.5341428569384984, 0.5542857149669103, 0.5547142975670951, 0.5582857186453684, 0.5568571513039725, 0.5578571370669774, 0.5630000083787101, 0.5581428698131017, 0.5574285868235996, 0.557428572518485, 0.5585714299338205, 0.559714287008558, 0.5577143021992275, 0.5627142947060721, 0.5551428580284119, 0.5615714301381792, 0.5635714367457798, 0.5599999996594021, 0.5654285819189889, 0.5620000083105905, 0.5632857111522129, 0.5612857157843454, 0.5661428563935416, 0.5651428498540606, 0.5672857134682792, 0.5654285808971949, 0.5719999974114555, 0.5688571429252625, 0.5655714341572353, 0.5618571451732091, 0.5635714319774082, 0.5645714218275888, 0.5720000014986311, 0.5667142844200135, 0.568285722391946, 0.5712857120377677, 0.5718571642466954, 0.5729999995231628, 0.5771428544180733, 0.576428577218737, 0.5755714280264718, 0.5792857292720249, 0.5852857099260602, 0.5851428634779794, 0.5897142839431763, 0.5895714211463928, 0.5987142951147897, 0.6081428503990174, 0.6145714388574872, 0.6187142992019653, 0.6290000098092215, 0.6300000061307635, 0.6388571442876543, 0.6378571595464434, 0.647142859527043, 0.6507142952510289, 0.6560000130108424, 0.6570000205721174, 0.669857155254909, 0.6702857296807425, 0.6765714359283447, 0.6758571546418326, 0.6812857232775007, 0.6831428950173514, 0.6892857357433864, 0.6900000211170741, 0.694428608076913, 0.6957143020629882, 0.7041428766931807, 0.7014285894802639, 0.7058571580478123, 0.711714300768716, 0.715142868586949, 0.7174286106654576, 0.7228571701049805, 0.720571459361485, 0.7334285916600909, 0.7354285948617117, 0.7382857322692871, 0.7445714535032, 0.7492857384681701, 0.7474285987445286, 0.7515714573860168, 0.7551428828920637, 0.7571428850718906, 0.7550000194140843, 0.7657143126215253, 0.7658571560042245, 0.7718571703774588, 0.7715714567048209, 0.7748571528707232, 0.7794286067145212, 0.7801428862980434, 0.7870000420297896], "val_loss": [2.1314148839314777, 2.0341347217559815, 1.8854657713572185, 1.7466588528951008, 1.4341802565256754, 1.3006902265548705, 1.2125334421793619, 1.1779078229268392, 1.1421694914499918, 1.121907704671224, 1.1015380684534708, 1.0858103847503662, 1.07969873269399, 1.0688766384124755, 1.0610037930806477, 1.0473701667785644, 1.045452872912089, 1.0455744695663451, 1.0303774070739746, 1.020157650311788, 1.0272310066223145, 1.0199322525660197, 1.0256792497634888, 1.02137140750885, 1.0145580355326336, 1.010171620051066, 1.0134106572469075, 1.0118914556503296, 1.008534598350525, 1.0079938952128094, 1.0093975162506104, 1.0136169862747193, 1.0012490367889404, 1.0094082228342691, 1.0086404116948446, 0.9967546025911967, 1.011419038772583, 0.9989076272646586, 1.001720463434855, 1.0032073815663656, 0.9987981311480204, 1.0052408568064373, 0.995478982925415, 0.9973943408330281, 0.9963230593999227, 0.9964549334843954, 0.9955029622713725, 0.994328449567159, 0.9884755690892537, 0.9830223099390666, 0.9830493402481079, 0.9729979228973389, 0.9676993465423585, 0.9655639266967774, 0.9538010629018148, 0.9479257114728292, 0.9397485129038493, 0.9275414752960205, 0.9216742825508117, 0.9170404330889383, 0.9117098355293274, 0.8977677877744039, 0.8954991785685221, 0.8908844947814941, 0.8866642570495605, 0.8864972885449728, 0.8806575489044189, 0.8669699080785116, 0.8702612733840942, 0.8711710707346598, 0.8578645006815593, 0.8550766293207804, 0.8497965757052104, 0.8448983383178711, 0.8377060635884603, 0.8355688110987345, 0.8305007219314575, 0.8249219806989034, 0.8135636075337728, 0.8113064352671305, 0.8018648783365886, 0.7932618912061056, 0.795454249382019, 0.7817453718185425, 0.7704399331410726, 0.7652128990491232, 0.7673562407493592, 0.7528726601600647, 0.7468104791641236, 0.7384998401006063, 0.7374442688624064, 0.7380975151062011, 0.7305005288124085, 0.7255073277155558, 0.7182111692428589, 0.71202046473821, 0.7062360763549804, 0.6959144894282023, 0.6888228305180868, 0.680459132194519], "val_acc": [0.30000001192092896, 0.3346666765213013, 0.36000001629193623, 0.41866665363311767, 0.47200003306070965, 0.49600002527236936, 0.5473333358764648, 0.551999990940094, 0.5499999864896139, 0.5479999860127767, 0.5506666302680969, 0.5493333148956299, 0.5526666768391927, 0.5413333225250244, 0.5466666595141093, 0.5579999701182048, 0.5466666762034098, 0.545333358446757, 0.5633333452542623, 0.552666654586792, 0.5520000187555949, 0.5473333517710368, 0.5493333395322164, 0.5540000112851461, 0.5466666785875957, 0.53666668176651, 0.5480000392595927, 0.5513333344459533, 0.5446666550636291, 0.5519999885559081, 0.5526666601498922, 0.5486666544278462, 0.5520000171661377, 0.5413333161671956, 0.5526666696866354, 0.5533333349227906, 0.5513333225250244, 0.5566666626930237, 0.5519999663035074, 0.5433333452542622, 0.5506666660308838, 0.5433333237965902, 0.55800000111262, 0.5486666584014892, 0.5533333524068197, 0.557333325544993, 0.557333341439565, 0.5566666698455811, 0.5660000093777975, 0.5666666762034098, 0.5666666531562805, 0.5680000146230062, 0.5786666607856751, 0.5859999871253967, 0.5813333336512247, 0.5913333408037822, 0.5900000047683716, 0.5960000117619833, 0.6040000136693319, 0.6140000073115031, 0.6113333368301391, 0.6259999990463256, 0.6293333450953166, 0.6366666626930236, 0.6413333304723103, 0.6466666587193807, 0.6366666682561238, 0.6499999984105428, 0.6580000313123068, 0.6506666739781698, 0.6640000319480897, 0.657999997138977, 0.6580000281333923, 0.6633333539962769, 0.6680000042915344, 0.6726666816075643, 0.668666672706604, 0.6733333476384481, 0.6793333943684896, 0.6833334008852641, 0.6813333741823833, 0.6900000143051147, 0.6966666769981384, 0.6960000419616699, 0.704666690826416, 0.7126666800181071, 0.7073333676656087, 0.7200000349680583, 0.7159999942779541, 0.7193333506584167, 0.721999982992808, 0.7220000330607096, 0.7200000445048015, 0.7286666870117188, 0.7340000184377035, 0.73866668065389, 0.739333340326945, 0.7440000025431315, 0.7466666762034099, 0.7646666653951009]}