{"val_loss": [0.2597647746404012], "acc": [0.9089935490063259], "val_acc": [0.9067424909273784], "loss": [0.2745864360673087]}