{"loss": [2.289411117008754, 2.1430315821511403, 2.0746464661189488, 1.9793829836164203, 1.8888758768354144, 1.8113916751316617, 1.74138751915523, 1.6674212714603969, 1.5592950166974748, 1.3834194305964878, 1.2804358570916312, 1.2457891913822718, 1.2338766738346645, 1.2168181392124722, 1.2093509674072265, 1.2035079370226178, 1.1953293575559343, 1.1916707631519863, 1.1891128390175956, 1.1852805941445488, 1.1833226026807513, 1.1818529306139265, 1.180151309967041, 1.1764150026866367, 1.1730869926725116, 1.1745804657254901, 1.1723362295968192, 1.172112114770072, 1.1725793307168144, 1.170185124533517, 1.1687041800362723, 1.1703324249812534, 1.165902282851083, 1.1647176701681954, 1.1642842320033482, 1.1638540363311767, 1.1639444746289935, 1.1637029709134783, 1.1633367429460797, 1.1639347757611955, 1.163325080871582, 1.1632406214305333, 1.1630004814692907, 1.1629963186808996, 1.1633914300373622, 1.1629399360929216, 1.1629316915784564, 1.1623127746582032, 1.1621334327970232, 1.1627155617305212, 1.1627134132385253, 1.1626231282097952, 1.1624862466539656, 1.162077966417585, 1.1622189358302526, 1.1616668789727347, 1.1612880114146642, 1.1606172820499965, 1.160404028211321, 1.160417468888419, 1.1602554716382707, 1.1605079419272286, 1.1599446637289865, 1.159936282975333, 1.1599212510245187, 1.1599381474086217, 1.1598502956117902, 1.1597502422332764, 1.1597799914223808, 1.1597761017935617, 1.1597569874354772, 1.1597506373269217, 1.1597167008263725, 1.1597176558630806, 1.1597193309238978, 1.1597184453691756, 1.1597168111801148, 1.1597006818226405, 1.1597018003463746, 1.1597009570258003, 1.159700083051409, 1.1597016211918423, 1.1596961900166103, 1.1596959475108555, 1.1596973153523036, 1.1596953984669276, 1.1596953575951712, 1.1596961327961512, 1.1596950694492885, 1.1596952261243547, 1.1596948514665877, 1.1596948296683176, 1.1596940653664725, 1.1596946934291295, 1.1596943719046457, 1.1596946280343192, 1.1596942615509034, 1.1596931409835816, 1.159693134852818, 1.1596939856665476], "val_loss": [2.1783696969350177, 2.115586655934652, 2.014917647043864, 1.9260526529947917, 1.838070929845174, 1.7688814449310302, 1.7019172954559325, 1.603779509862264, 1.4609944756825766, 1.3027415561676026, 1.2538394260406494, 1.243971710205078, 1.223710414568583, 1.2179941685994466, 1.2102471446990968, 1.1943120670318603, 1.1864952754974365, 1.1877418120702108, 1.18630788008372, 1.1812184381484985, 1.180200802485148, 1.1779759915669759, 1.1762405014038086, 1.1721585019429526, 1.1769698270161946, 1.1697279262542724, 1.1746780633926392, 1.1714734141031902, 1.1733329089482625, 1.1707421906789144, 1.1697113958994547, 1.1735513273874918, 1.1664871644973756, 1.167527486483256, 1.166437726020813, 1.167140154838562, 1.1665458472569783, 1.166486577987671, 1.1662841669718425, 1.1661230691274007, 1.165985237757365, 1.1657083702087403, 1.165748880704244, 1.1666934665044149, 1.16544727007548, 1.165280122756958, 1.1657149823506674, 1.1652914269765218, 1.1647025998433431, 1.1654233916600545, 1.1636620775858562, 1.1653688367207844, 1.1645335706075033, 1.1636849085489909, 1.1641899379094443, 1.164694414138794, 1.164693954785665, 1.1639220762252807, 1.163993434906006, 1.1642553424835205, 1.1636900615692138, 1.164223591486613, 1.1641239992777506, 1.1640043671925862, 1.1639816315968832, 1.1640041303634643, 1.1640274365743002, 1.1640490023295085, 1.1640164581934611, 1.1640658044815064, 1.1640746132532755, 1.1640686766306558, 1.1640437412261964, 1.1640534496307373, 1.1640375963846843, 1.1640568669637044, 1.1640548594792683, 1.1640508047739664, 1.1640446853637696, 1.1640478388468425, 1.164049129486084, 1.1640437730153401, 1.164046885172526, 1.1640438493092855, 1.1640469423929851, 1.1640436665217082, 1.1640431849161783, 1.1640417130788168, 1.164041706720988, 1.1640431992212932, 1.1640408849716186, 1.164041363398234, 1.1640414985020955, 1.1640415795644123, 1.1640411059061686, 1.1640396467844645, 1.1640402968724568, 1.164040722846985, 1.1640390825271607, 1.1640359910329183], "acc": [0.19400000018732888, 0.23685714857918874, 0.26942857904093603, 0.3111428608213152, 0.36971429262842453, 0.3872857257298061, 0.39442858287266325, 0.41200000524520874, 0.47771430577550617, 0.4858571604319981, 0.4897142948423113, 0.49414287226540704, 0.49242857592446465, 0.49328573022569927, 0.4962857096535819, 0.49057143790381297, 0.49300000871930805, 0.49257144962038313, 0.49671428510120935, 0.4952857266153608, 0.49585714544568743, 0.49385715791157314, 0.49385716097695487, 0.49314285142081127, 0.4965714393343244, 0.5037142906870161, 0.4970000123977661, 0.49542857238224575, 0.49557142904826573, 0.5011428689956665, 0.5000000173704965, 0.499714298588889, 0.5032857166017805, 0.5031428558485849, 0.5018571601595198, 0.5047142904145377, 0.5010000079018729, 0.5010000079018729, 0.502000014100756, 0.5047142962047032, 0.5015714393343245, 0.5018571489197867, 0.5022857236862183, 0.5020000086511884, 0.5020000106947763, 0.5008571600914001, 0.5030000121252878, 0.5028571455819266, 0.502000003201621, 0.5025714448520116, 0.5001428665433612, 0.5025714332716805, 0.49800001587186543, 0.5027143004962377, 0.5045714228493827, 0.49614286763327464, 0.5028571588652474, 0.5050000010217939, 0.5042857245036534, 0.5040000115122114, 0.5052857293401446, 0.5020000055858067, 0.5052857296807426, 0.5048571535519191, 0.505285723890577, 0.5054285860061646, 0.505285723890577, 0.505285723890577, 0.5052857198034014, 0.5052857211657933, 0.5052857266153608, 0.5052857211657933, 0.5052857157162257, 0.5052857293401446, 0.5052857157162257, 0.5052857293401446, 0.5052857307025365, 0.5052857293401446, 0.5052857266153608, 0.5052857211657933, 0.505285723890577, 0.5052857279777527, 0.5052857170786177, 0.5052857279777527, 0.5052857334273202, 0.5052857307025365, 0.5052857184410096, 0.5052857252529689, 0.505285723890577, 0.5052857170786177, 0.5052857225281852, 0.5052857334273202, 0.5052857225281852, 0.505285723890577, 0.5052857279777527, 0.5052857252529689, 0.5052857211657933, 0.5052857266153608, 0.5052857198034014, 0.5052857266153608],