{"loss": [2.277438301358904, 2.12016181400844, 2.0098845672607424, 1.8989375128064836, 1.7499372046334403, 1.5038945075443813, 1.2620436314174106, 1.193704980441502, 1.157786000115531, 1.1358421748025076, 1.1058596788133894, 1.0906152738843646, 1.077439636502947, 1.0545047869001116, 1.0386045156206403, 1.0448833080700466, 1.022140655517578, 0.996097378730774, 0.9853717442921229, 0.9729967737197875, 0.9820992847851344, 0.9681501722335816, 0.9440538801465715, 0.9373784555707659, 0.929528238432748, 0.9403688270705087, 0.9158116442816598, 0.9153372471673148, 0.9096715865816389, 0.8988841240746634, 0.888284215586526, 0.8802797896521432, 0.884066903250558, 0.8724172639846802, 0.8705648313249861, 0.8498788717814855, 0.849021361214774, 0.8376020288467407, 0.8281771421432496, 0.8185089921951294, 0.8400503127915518, 0.8200031011445181, 0.8158417456490653, 0.8153490236827305, 0.8038154050282069, 0.7896319937705993, 0.7852617287635804, 0.7838389713423592, 0.7779873888833182, 0.778734244959695, 0.7667258988107953, 0.7455407282284328, 0.7422707772254944, 0.7456303010668074, 0.7260604061399187, 0.7264300925391061, 0.7248329223905291, 0.7016921312468393, 0.7189781243460519, 0.7073203774860927, 0.6910039138793945, 0.6943472739628384, 0.6932689693995885, 0.7229229368482317, 0.6861339582715715, 0.6757790803909302, 0.6658678252356393, 0.6566622652326312, 0.6540484952926636, 0.6551781327383859, 0.6479512126105172, 0.6291330640656607, 0.6428221304076058, 0.6380461764335632, 0.6330126340048654, 0.6141092419624329, 0.615141281400408, 0.6017149312155587, 0.6043986797332763, 0.6062425531659807, 0.5935784019742694, 0.6045609521865845, 0.5799749680927822, 0.5748759651184082, 0.5644762815747942, 0.5494751126425607, 0.5758479588372367, 0.5571779819897243, 0.5645473514284406, 0.5717387247085571, 0.5402193149498531, 0.53886611529759, 0.5270697774205889, 0.5264349855695452, 0.5245802562577384, 0.5211522013800485, 0.5059750594411577, 0.5151152426855905, 0.5013369940008436, 0.49267589126314437], "val_loss": [2.1594554011027016, 2.059260810216268, 1.9523388544718425, 1.820476427078247, 1.6276425806681316, 1.321010208129883, 1.2081534719467164, 1.1613786443074545, 1.1362501366933186, 1.0902548917134602, 1.0769845994313558, 1.053221688270569, 1.0361335436503092, 1.0000098069508871, 1.0033879470825195, 1.0254036299387614, 0.9567087515195211, 0.9423274723688762, 0.929422918955485, 0.9189861615498861, 0.9276412439346313, 0.9263992023468017, 0.8949518458048502, 0.8880532693862915, 0.8774748770395915, 0.8773720908164978, 0.8765455349286397, 0.8819416960080465, 0.8569559208552042, 0.8557374032338461, 0.842981349627177, 0.8405492321650188, 0.8420725615819296, 0.8316591747601827, 0.822969777584076, 0.8156825057665507, 0.8139978575706482, 0.8014106369018554, 0.7999897384643555, 0.7942653052012125, 0.8031006701787313, 0.7859278909365336, 0.7945536144574483, 0.7979310925801595, 0.7713353570302327, 0.7541516176859537, 0.7678446865081787, 0.756441593170166, 0.7493311341603597, 0.7395500469207764, 0.7265204970041911, 0.7241967598597209, 0.725124655564626, 0.7092509055137635, 0.6934258166948954, 0.6850399160385132, 0.6992533389727275, 0.6906728188196818, 0.678362824122111, 0.66890513976415, 0.6590919502576192, 0.6660590585072835, 0.6774077828725179, 0.6621768728892008, 0.6761025937398275, 0.6428889266649882, 0.6416449173291524, 0.6279324658711751, 0.6255182234446207, 0.6192092084884644, 0.6194208105405171, 0.6225534764925639, 0.6235081322987874, 0.6191973527272542, 0.5990849773089091, 0.6031034890810648, 0.6075972016652426, 0.6018494423230489, 0.5965892426172892, 0.5903192861874899, 0.5931670554478963, 0.576182812054952, 0.5869854354858398, 0.557417942682902, 0.5643539222081503, 0.5537381601333619, 0.5853212197621663, 0.5562225850423177, 0.5765469018618266, 0.5563097429275513, 0.5403567711512248, 0.5434404118855795, 0.5337077720959982, 0.5150587336222331, 0.5245977584520976, 0.5245808498064677, 0.5118856573104859, 0.5280846611658732, 0.5079395218690237, 0.4941482134660085], "acc": [0.1985714271238872, 0.24128571816853114, 0.27671428867748804, 0.3707142957619258, 0.40114287206104826, 0.48128572821617127, 0.4915714393343244, 0.512142869404384, 0.5298571620668684, 0.5381428694725037, 0.561285719871521, 0.5648571491241455, 0.5640000033378602, 0.5800000095367431, 0.5837142743383135, 0.5827142861911229, 0.5870000113759722, 0.6018571427890232, 0.6057142952510289, 0.6177142902782985, 0.6095714259147644, 0.6107142911638532, 0.6231428514208113, 0.6282857254573277, 0.6314285799435206, 0.6240000186647687, 0.6415714396749224, 0.6358571457862854, 0.6375714319092887, 0.6424285967009408, 0.6501428682463509, 0.654000038419451, 0.6475714380400521, 0.6561428669520787, 0.6554285934993199, 0.6654285914557321, 0.669428595815386, 0.6764285887990679, 0.68114287512643, 0.6851428760801043, 0.6708571638379778, 0.6824285919325692, 0.6854285917963301, 0.6852857395580837, 0.685571437222617, 0.6920000147819519, 0.696571444102696, 0.7034285930224827, 0.706857168333871, 0.7028571609088353, 0.7057143105779375, 0.7204285955429077, 0.7264285973140172, 0.7168571615219116, 0.7300000282696315, 0.7268571669714792, 0.7255714477811541, 0.7341428852081299, 0.736714299746922, 0.7387143148694719, 0.7528571782793317, 0.747714319229126, 0.7412857409885951, 0.7338571790286473, 0.750285747732435, 0.7508571764401027, 0.7614285942486354, 0.7597143132346017, 0.7625714673314776, 0.7605714620862688, 0.7645714671271188, 0.7721428860936846, 0.7645714565685817, 0.7685714592252458, 0.7724285909107753, 0.7784286134583609, 0.7787143101011004, 0.7860000388962882, 0.7787143192972455, 0.7867143160956247, 0.7825714516639709, 0.7810000130108424, 0.7907143327168056, 0.7921428888184684, 0.7991428923606873, 0.8040000326292855, 0.7941428800991603, 0.7972857420785087, 0.7962857665334429, 0.7938571749414717, 0.8077143202509199, 0.8078571796417237, 0.81400005034038, 0.8101429033279419, 0.8132857571329389, 0.8112857399668012, 0.8175714639254978, 0.8160000334467207, 0.8191429073469979, 0.8284286056246076],