{"loss": [2.256039107186454, 2.130517084939139, 2.046451544080462, 1.917507653236389, 1.7861401217324393, 1.6809865638187953, 1.592067049571446, 1.5034473119463239, 1.363662189756121, 1.1939363077708653, 1.0871808746882847, 1.0286487354551044, 0.9872250699996948, 0.9665607367243085, 0.9472787356376648, 0.9243730929919651, 0.9023747920989991, 0.8796500223023551, 0.8611320325306484, 0.8386818081992014, 0.8257793719427926, 0.8024807640484402, 0.7850809955596924, 0.7736514115333557, 0.7557829897744315, 0.7352630574362619, 0.7165922219412667, 0.7009533136231558, 0.6920699664524623, 0.686707285472325, 0.6696034809521266, 0.6431815229143415, 0.6255998822620937, 0.6215612176486424, 0.6012180042266846, 0.5843246146610805, 0.5662782635007586, 0.553119010244097, 0.5402295371464321, 0.52389429467065, 0.5140044009685516, 0.4982162640775953, 0.4852055733544486, 0.4799442049435207, 0.4610558661392757, 0.4548556019578661, 0.43848493422780715, 0.4347808144773756, 0.4508899778979165, 0.4296900844573975, 0.4035799937588828, 0.3968284572873797, 0.38985061611448013, 0.370797563961574, 0.35421395438058034, 0.347299200126103, 0.33873140062604634, 0.32291916234152657, 0.30748073986598423, 0.3003317631993975, 0.2884637304714748, 0.3271631646156311, 0.3440722760132381, 0.2944826773234776, 0.26987491386277335, 0.25820037450109207, 0.24005410722323825, 0.2263706924234118, 0.22152742079326085, 0.2130312762941633, 0.2057667451245444, 0.1978984421491623, 0.1879478974001748, 0.1814159255368369, 0.175717414191791, 0.16681938307625907, 0.16716266223362514, 0.16107748917170933, 0.155086299266134, 0.14775708411421096, 0.1367742660215923, 0.12780748179980686, 0.12641148882252828, 0.12143666556903294, 0.11030646477426802, 0.10117291263171604, 0.09827315040997096, 0.09612188828842981, 0.09438454576901027, 0.09278320218835558, 0.09095376261643001, 0.08970929418291364, 0.08817521746669497, 0.08685577852385384, 0.08504433636154447, 0.08367607695715767, 0.08265335849353245, 0.081148005596229, 0.07944221892527172, 0.07816851556301117], "val_acc": [0.24666667620340982, 0.16933334211508433, 0.30466666142145793, 0.33200000047683714, 0.4393333347638448, 0.4679999911785126, 0.49200000643730163, 0.5186666703224182, 0.5959999783833821, 0.5993333276112874, 0.606000018119812, 0.6159999990463256, 0.6166666563351949, 0.6200000174840291, 0.6326666967074076, 0.6526666720708211, 0.6606666843096415, 0.648666684627533, 0.6726666498184204, 0.6686666599909464, 0.678000009059906, 0.6793333435058594, 0.6826666680971781, 0.6946666924158732, 0.7066666825612387, 0.7146666812896728, 0.7180000241597494, 0.722000036239624, 0.7260000292460124, 0.7273333676656087, 0.722000036239624, 0.7373333549499512, 0.7413333543141682, 0.7453333695729574, 0.7393333689371745, 0.7506667232513428, 0.75733336130778, 0.7586666965484619, 0.768000020980835, 0.7626667277018229, 0.7686667124430339, 0.7766667079925537, 0.7746666971842447, 0.7693333117167155, 0.7720000457763672, 0.77733336130778, 0.7806666723887126, 0.7820000457763672, 0.7800000254313151, 0.7986666925748189, 0.7966666833559672, 0.799333336353302, 0.7940000335375468, 0.8140000025431315, 0.7980000519752503, 0.8113333702087402, 0.8100000349680583, 0.8166667135556539, 0.8253333878517151, 0.8166667167345683, 0.8106666747728983, 0.8220000131924947, 0.8233333611488343, 0.8260000284512837, 0.8326666847864787, 0.8286666893959045, 0.8346667218208313, 0.8480000321070353, 0.8426667006810507, 0.8426666951179504, 0.8460000284512837, 0.8426666951179504, 0.8553333457310994, 0.8486666957537333, 0.8560000379880269, 0.8433333802223205, 0.8560000348091126, 0.8553333965937296, 0.8480000352859497, 0.8446666924158732, 0.8586667108535767, 0.8513333439826966, 0.8560000212987264, 0.8586667076746622, 0.8606666835149129, 0.8680000416437785, 0.8673333851496379, 0.8666667222976685, 0.8693333705266316, 0.8653334093093872, 0.8640000422795614, 0.8660000308354696, 0.8673333883285522, 0.8660000689824422, 0.8660000308354696, 0.8640000327428182, 0.8653333679835001, 0.8646667059262594, 0.8626667133967082, 0.8673333660761515], "acc": [0.20585714765957425, 0.23528572363512856, 0.2637142857483455, 0.3264285787514278, 0.410714293548039, 0.45700001903942655, 0.4807143034253802, 0.5162857147625515, 0.5735714295932225, 0.603428579057966, 0.612714284488133, 0.621285719871521, 0.6294285777636937, 0.6385714374269758, 0.6431428800310407, 0.6605714416503906, 0.6638571528026036, 0.6761428775106157, 0.6807142966134208, 0.6938571691513061, 0.7015714590890066, 0.7054285754476275, 0.7174285963603428, 0.7192857394899641, 0.7267143222263881, 0.7304286003112793, 0.7398571668352399, 0.7482857315880912, 0.7527143090111869, 0.7542857422147479, 0.7544286050115313, 0.7728571701049805, 0.7785714551380702, 0.7812857593808855, 0.7838571647235325, 0.7915714689663478, 0.7990000486373902, 0.8038571960585458, 0.8115714812278747, 0.813571468761989, 0.818000066280365, 0.8215714607919965, 0.8300000282696315, 0.8290000411442348, 0.8368571819577898, 0.8384286229951041, 0.8472857509340559, 0.8505714556149074, 0.8437143315587725, 0.8490000244549343, 0.8622857529776436, 0.8635714765957424, 0.8632857574735369, 0.8688571749414716, 0.8834286073275975, 0.882000047138759, 0.8892857354027884, 0.8948571692194257, 0.9028571762357439, 0.9050000095367432, 0.9115714488710676, 0.8900000197546822, 0.8814285966328212, 0.9054286057608468, 0.9167142949785505, 0.9188571585927691, 0.930285746710641, 0.9361428907939366, 0.938857171194894, 0.9417143051964896, 0.945714316708701, 0.9484285851887294, 0.9547143299239023, 0.9572857526370457, 0.9577143331936427, 0.9617143290383475, 0.9601428937911988, 0.9614286054883684, 0.9615714665821621, 0.9680000574248178, 0.972857197693416, 0.9768571949005127, 0.9775714911733355, 0.9787143523352487, 0.9822857679639544, 0.9868572166987828, 0.9868572166987828, 0.9877143601008824, 0.988142922946385, 0.9885715144021171, 0.9882857945987157, 0.9901429278509958, 0.9904286490167891, 0.9907143640518189, 0.9900000837871007, 0.9912858029774257, 0.9910000876017979, 0.9921429409299578, 0.9922857958929879, 0.9928572266442435],